{
  "project_info": {
    "project_number": "735706161288",
    "project_id": "force-app-update",
    "storage_bucket": "force-app-update.appspot.com"
  },
  "client": [
    {
      "client_info": {
        "mobilesdk_app_id": "1:735706161288:android:dfe8949b1ca3d570da7f3d",
        "android_client_info": {
          "package_name": "com.cleverdevelopers.forceappupdate"
        }
      },
      "oauth_client": [
        {
          "client_id": "735706161288-dus7saj7csnrb9l6gorspo494pedgasv.apps.googleusercontent.com",
          "client_type": 3
        }
      ],
      "api_key": [
        {
          "current_key": "AIzaSyBpL6U5LJ-tBQau7kiao4wD04CtmDxge9A"
        }
      ],
      "services": {
        "appinvite_service": {
          "other_platform_oauth_client": [
            {
              "client_id": "735706161288-dus7saj7csnrb9l6gorspo494pedgasv.apps.googleusercontent.com",
              "client_type": 3
            }
          ]
        }
      }
    }
  ],
  "configuration_version": "1"
}